{"train_acc": 91.245822502785, "train_loss": 0.00459373455781203, "_timestamp": 1682343207.2592883, "val_acc": 33.56, "val_loss": 1.770098488542098, "_runtime": 91.45288634300232, "_step": 9}