{"train_acc": 80.10652688535679, "train_loss": 0.6437232736397434, "_timestamp": 1683022806.3374047, "val_acc": 29.14, "val_loss": 2.171875072430961, "_runtime": 142.4091877937317, "_step": 5}