{"train_acc": 99.23665915069523, "train_loss": 0.00014331912298402386, "_timestamp": 1682342894.93406, "val_acc": 20.87, "val_loss": 4.0600082753579825, "_runtime": 49.136298179626465, "_step": 5}