{"train_acc": 63.581689901394085, "train_loss": 1.0241956432228503, "_timestamp": 1683023776.5989923, "val_acc": 67.75, "val_loss": 0.8975545371635051, "_runtime": 137.41722226142883, "_step": 5}