{"train_acc": 95.43174880069778, "train_loss": 0.1880442358184761, "_timestamp": 1682938859.2016816, "val_acc": 32.08, "val_loss": 1.9191739876059037, "_runtime": 178.25791668891907, "_step": 11}