{"train_acc": 92.74281556929793, "train_loss": 0.2537841750200578, "_timestamp": 1683026513.8467686, "val_acc": 28.96, "val_loss": 2.02464773986913, "_runtime": 227.04180550575256, "_step": 16}