{"train_acc": 98.47137694941043, "train_loss": 0.00018084442073648625, "_timestamp": 1682343421.038548, "val_acc": 35.01, "val_loss": 2.27286436889745, "_runtime": 148.554584980011, "_step": 15}