{"train_acc": 27.58931566588393, "train_loss": 2.080482063919865, "_timestamp": 1682939908.4196572, "val_acc": 39.54, "val_loss": 1.6531828340095809, "_runtime": 29.042826175689697, "_step": 1}