{"train_acc": 95.14086384642731, "train_loss": 0.13648012416987595, "_timestamp": 1682939275.4753203, "val_acc": 30.45, "val_loss": 2.5975066408326355, "_runtime": 165.76292037963867, "_step": 11}