{"train_acc": 41.272880089652595, "train_loss": 1.5847836583852768, "_timestamp": 1682765495.1335826, "val_acc": 35.32, "val_loss": 1.9768965199023862, "_runtime": 37.741448640823364, "_step": 3}