{"train_acc": 30.506280299691493, "train_loss": 1.9885017522342543, "_timestamp": 1682939055.4074492, "val_acc": 37.55, "val_loss": 1.7455688684801511, "_runtime": 19.015453338623047, "_step": 1}