{"train_acc": 86.5699032365699, "train_loss": 0.4590290921165588, "_timestamp": 1682765828.334926, "val_acc": 38.47, "val_loss": 2.010984804056868, "_runtime": 65.63445091247559, "_step": 5}