{"train_acc": 90.64672521039151, "train_loss": 0.2948354882193588, "_timestamp": 1683026077.5562966, "val_acc": 36.61, "val_loss": 1.7110876026032846, "_runtime": 749.6729044914246, "_step": 56}