{"train_acc": 95.05902192242833, "train_loss": 0.18287965604116654, "_timestamp": 1683023533.5864942, "val_acc": 28.71, "val_loss": 2.1982218872142743, "_runtime": 197.1911392211914, "_step": 7}