{"train_acc": 31.411439114391143, "train_loss": 1.9522711626646025, "_timestamp": 1682940115.969148, "val_acc": 40.69, "val_loss": 1.735280151608624, "_runtime": 28.84997582435608, "_step": 1}