{"train_acc": 86.1503396496246, "train_loss": 0.41796365329197477, "_timestamp": 1683024927.0248191, "val_acc": 42.7, "val_loss": 2.057393980931632, "_runtime": 61.89026403427124, "_step": 4}