{"train_acc": 30.287504148689013, "train_loss": 1.9928117282194548, "_timestamp": 1682939402.496323, "val_acc": 39.42, "val_loss": 1.6544102339804927, "_runtime": 25.405153036117554, "_step": 1, "_wandb": {"runtime": 25}}