{"train_acc": 29.892221972084645, "train_loss": 1.9885937880704747, "_timestamp": 1682937079.8838196, "val_acc": 39.14, "val_loss": 1.6476463109632082, "_runtime": 21.065687656402588, "_step": 1, "_wandb": {"runtime": 20}}