{"train_acc": 39.305925432756325, "train_loss": 1.838524128394152, "_timestamp": 1682936997.6377487, "val_acc": 45.08, "val_loss": 1.507354502436481, "_runtime": 19.369459629058838, "_step": 1, "_wandb": {"runtime": 18}}