{"train_acc": 29.168454935622318, "train_loss": 1.9551556012401843, "_timestamp": 1683027188.4174743, "val_acc": 34.07, "val_loss": 1.8252770402763463, "_runtime": 80.11257433891296, "_step": 2}