{"train_acc": 95.24078069831306, "train_loss": 0.17599380627507344, "_timestamp": 1682343870.2460358, "val_acc": 26.45, "val_loss": 2.6526719105394583, "_runtime": 177.4440038204193, "_step": 18}