{"train_acc": 32.692635526764406, "train_loss": 2.0053623571344046, "_timestamp": 1682935570.6546655, "val_acc": 44.29, "val_loss": 1.5571073399314397, "_runtime": 17.07823348045349, "_step": 1}