{"train_acc": 85.02260397830018, "train_loss": 0.5016209366219926, "_timestamp": 1683025290.6146977, "val_acc": 37.69, "val_loss": 1.7476178875452355, "_runtime": 80.78718757629395, "_step": 5}