{"train_acc": 92.6065043742868, "train_loss": 0.001661057725097194, "_timestamp": 1682343673.9979243, "val_acc": 34.44, "val_loss": 1.7995645833920828, "_runtime": 234.24275636672974, "_step": 24}