{"train_acc": 29.03049191374663, "train_loss": 2.020565310257143, "_timestamp": 1682939592.6195502, "val_acc": 34.32, "val_loss": 1.8525302063060711, "_runtime": 27.85959815979004, "_step": 1, "_wandb": {"runtime": 28}}