{"train_acc": 93.54771438104771, "train_loss": 0.2218603578110536, "_timestamp": 1683023201.460172, "val_acc": 22.54, "val_loss": 2.2796340109426763, "_runtime": 275.7716238498688, "_step": 10}