{"train_acc": 93.07246101179156, "train_loss": 0.28803861932546804, "_timestamp": 1682344036.1914003, "val_acc": 35.06, "val_loss": 2.0087743137456195, "_runtime": 133.22788739204407, "_step": 13}