{"train_acc": 83.00309986595174, "train_loss": 0.554874456520055, "_timestamp": 1683024805.2964902, "val_acc": 23.87, "val_loss": 2.398360874079451, "_runtime": 114.51295828819275, "_step": 5}