{"train_acc": 65.85689045936395, "train_loss": 1.0031692712537703, "_timestamp": 1683026849.3903222, "val_acc": 44.23, "val_loss": 1.6109134517138517, "_runtime": 115.63416910171509, "_step": 5}