{"train_acc": 88.42554076539102, "train_loss": 0.38045923414818467, "_timestamp": 1683024332.0827823, "val_acc": 33.0, "val_loss": 2.370918670787087, "_runtime": 409.7577803134918, "_step": 18}