{"train_acc": 36.86537114845938, "train_loss": 1.8136915663043325, "_timestamp": 1683025048.1365602, "val_acc": 43.85, "val_loss": 1.574150506454178, "_runtime": 17.980509281158447, "_step": 1}