{"train_acc": 67.21378744357817, "train_loss": 0.9738653285581558, "_timestamp": 1683027048.4609098, "val_acc": 48.44, "val_loss": 1.4893954086907302, "_runtime": 144.62291979789734, "_step": 7}