{"train_acc": 95.54971638304971, "train_loss": 0.18217864682277043, "_timestamp": 1682940649.908242, "val_acc": 30.62, "val_loss": 1.9283538015582893, "_runtime": 162.9035999774933, "_step": 7}